Sample_ID,True_Label,Predicted_Label,Confidence_%,Correct
1,air_conditioner,air_conditioner,99.9,✓
2,street_music,street_music,64.52,✓
3,dog_bark,dog_bark,99.93,✓
4,air_conditioner,air_conditioner,100.0,✓
5,dog_bark,dog_bark,100.0,✓
6,car_horn,car_horn,99.9,✓
7,dog_bark,dog_bark,100.0,✓
8,drilling,drilling,99.99,✓
9,air_conditioner,children_playing,57.62,✗
10,car_horn,car_horn,95.08,✓
11,engine_idling,engine_idling,100.0,✓
12,air_conditioner,air_conditioner,100.0,✓
13,gun_shot,gun_shot,100.0,✓
14,drilling,drilling,99.41,✓
15,air_conditioner,air_conditioner,82.44,✓
16,children_playing,children_playing,89.0,✓
17,jackhammer,jackhammer,99.99,✓
18,street_music,street_music,100.0,✓
19,dog_bark,dog_bark,99.99,✓
20,street_music,street_music,99.93,✓
21,dog_bark,dog_bark,93.58,✓
22,drilling,drilling,99.95,✓
23,gun_shot,gun_shot,100.0,✓
24,street_music,children_playing,76.06,✗
25,drilling,drilling,100.0,✓
26,gun_shot,gun_shot,99.94,✓
27,engine_idling,engine_idling,100.0,✓
28,street_music,engine_idling,96.24,✗
29,air_conditioner,air_conditioner,100.0,✓
30,air_conditioner,air_conditioner,93.4,✓
31,air_conditioner,air_conditioner,100.0,✓
32,jackhammer,jackhammer,100.0,✓
33,air_conditioner,air_conditioner,100.0,✓
34,siren,siren,99.02,✓
35,dog_bark,dog_bark,100.0,✓
36,street_music,street_music,99.99,✓
37,street_music,street_music,98.23,✓
38,engine_idling,engine_idling,99.99,✓
39,jackhammer,jackhammer,100.0,✓
40,children_playing,children_playing,99.13,✓
41,car_horn,car_horn,99.94,✓
42,street_music,street_music,98.45,✓
43,drilling,drilling,100.0,✓
44,drilling,drilling,100.0,✓
45,gun_shot,gun_shot,100.0,✓
46,air_conditioner,air_conditioner,99.96,✓
47,jackhammer,jackhammer,99.54,✓
48,street_music,street_music,100.0,✓
49,jackhammer,jackhammer,99.99,✓
50,engine_idling,children_playing,69.71,✗
51,air_conditioner,air_conditioner,99.89,✓
52,jackhammer,jackhammer,98.92,✓
53,siren,siren,99.97,✓
54,street_music,street_music,59.86,✓
55,air_conditioner,air_conditioner,100.0,✓
56,street_music,children_playing,83.01,✗
57,jackhammer,jackhammer,98.78,✓
58,car_horn,car_horn,100.0,✓
59,siren,siren,99.99,✓
60,children_playing,children_playing,93.54,✓
61,dog_bark,dog_bark,85.64,✓
62,jackhammer,jackhammer,99.97,✓
63,children_playing,children_playing,99.99,✓
64,jackhammer,jackhammer,100.0,✓
65,gun_shot,gun_shot,100.0,✓
66,siren,siren,99.97,✓
67,street_music,street_music,100.0,✓
68,drilling,drilling,100.0,✓
69,gun_shot,gun_shot,99.88,✓
70,engine_idling,engine_idling,100.0,✓
71,drilling,drilling,99.99,✓
72,siren,siren,96.84,✓
73,children_playing,children_playing,60.02,✓
74,street_music,street_music,99.96,✓
75,street_music,engine_idling,99.15,✗
76,street_music,street_music,99.98,✓
77,dog_bark,dog_bark,98.88,✓
78,street_music,street_music,99.83,✓
79,engine_idling,engine_idling,99.91,✓
80,dog_bark,dog_bark,73.33,✓
81,street_music,street_music,98.66,✓
82,car_horn,car_horn,100.0,✓
83,drilling,jackhammer,99.95,✗
84,jackhammer,jackhammer,100.0,✓
85,engine_idling,engine_idling,100.0,✓
86,dog_bark,dog_bark,100.0,✓
87,children_playing,children_playing,99.59,✓
88,car_horn,car_horn,87.54,✓
89,siren,siren,96.55,✓
90,drilling,car_horn,42.49,✗
91,drilling,drilling,98.5,✓
92,drilling,jackhammer,37.22,✗
93,jackhammer,jackhammer,99.97,✓
94,children_playing,children_playing,99.01,✓
95,air_conditioner,air_conditioner,99.96,✓
96,siren,street_music,45.01,✗
97,air_conditioner,air_conditioner,100.0,✓
98,siren,siren,82.02,✓
99,street_music,street_music,96.26,✓
100,dog_bark,dog_bark,99.94,✓
101,dog_bark,dog_bark,99.96,✓
102,siren,siren,100.0,✓
103,air_conditioner,air_conditioner,100.0,✓
104,drilling,drilling,98.86,✓
105,street_music,dog_bark,56.4,✗
106,jackhammer,jackhammer,99.99,✓
107,jackhammer,jackhammer,99.86,✓
108,siren,siren,99.63,✓
109,jackhammer,jackhammer,99.99,✓
110,children_playing,air_conditioner,67.75,✗
111,jackhammer,jackhammer,99.98,✓
112,air_conditioner,air_conditioner,100.0,✓
113,jackhammer,jackhammer,100.0,✓
114,street_music,street_music,99.94,✓
115,siren,siren,99.99,✓
116,drilling,drilling,100.0,✓
117,drilling,drilling,99.99,✓
118,jackhammer,jackhammer,100.0,✓
119,children_playing,children_playing,94.52,✓
120,street_music,street_music,99.87,✓
121,siren,siren,98.96,✓
122,children_playing,dog_bark,56.61,✗
123,dog_bark,street_music,81.07,✗
124,drilling,drilling,100.0,✓
125,gun_shot,gun_shot,99.97,✓
126,children_playing,street_music,88.96,✗
127,jackhammer,jackhammer,99.71,✓
128,gun_shot,gun_shot,65.7,✓
129,dog_bark,dog_bark,73.68,✓
130,street_music,street_music,63.38,✓
131,street_music,street_music,100.0,✓
132,drilling,drilling,100.0,✓
133,siren,siren,97.62,✓
134,car_horn,car_horn,95.49,✓
135,siren,engine_idling,51.57,✗
136,air_conditioner,air_conditioner,100.0,✓
137,engine_idling,children_playing,84.53,✗
138,jackhammer,engine_idling,97.46,✗
139,car_horn,engine_idling,86.18,✗
140,jackhammer,jackhammer,100.0,✓
141,street_music,street_music,45.46,✓
142,jackhammer,jackhammer,100.0,✓
143,gun_shot,gun_shot,100.0,✓
144,drilling,drilling,99.91,✓
145,jackhammer,jackhammer,100.0,✓
146,air_conditioner,air_conditioner,100.0,✓
147,siren,siren,99.65,✓
148,drilling,drilling,100.0,✓
149,gun_shot,gun_shot,100.0,✓
150,engine_idling,engine_idling,99.99,✓
151,children_playing,children_playing,93.95,✓
152,air_conditioner,air_conditioner,100.0,✓
153,siren,siren,100.0,✓
154,street_music,street_music,75.12,✓
155,siren,siren,99.74,✓
156,dog_bark,dog_bark,98.33,✓
157,drilling,drilling,100.0,✓
158,car_horn,car_horn,100.0,✓
159,dog_bark,dog_bark,100.0,✓
160,jackhammer,jackhammer,99.97,✓
161,street_music,street_music,99.58,✓
162,engine_idling,engine_idling,99.43,✓
163,drilling,jackhammer,99.08,✗
164,street_music,street_music,90.28,✓
165,street_music,street_music,66.93,✓
166,children_playing,children_playing,100.0,✓
167,air_conditioner,air_conditioner,99.97,✓
168,gun_shot,gun_shot,99.94,✓
169,gun_shot,gun_shot,100.0,✓
170,drilling,drilling,96.64,✓
171,drilling,drilling,98.91,✓
172,drilling,drilling,96.06,✓
173,siren,siren,99.93,✓
174,dog_bark,dog_bark,96.77,✓
175,car_horn,car_horn,100.0,✓
176,drilling,drilling,99.99,✓
177,engine_idling,engine_idling,100.0,✓
178,jackhammer,jackhammer,100.0,✓
179,car_horn,car_horn,99.58,✓
180,drilling,drilling,89.06,✓
181,jackhammer,jackhammer,93.03,✓
182,jackhammer,jackhammer,100.0,✓
183,gun_shot,gun_shot,100.0,✓
184,jackhammer,jackhammer,99.93,✓
185,dog_bark,dog_bark,64.08,✓
186,children_playing,children_playing,99.98,✓
187,car_horn,car_horn,99.98,✓
188,air_conditioner,air_conditioner,99.84,✓
189,siren,dog_bark,73.62,✗
190,jackhammer,jackhammer,99.84,✓
191,jackhammer,jackhammer,98.31,✓
192,dog_bark,dog_bark,96.6,✓
193,street_music,children_playing,87.58,✗
194,street_music,street_music,99.8,✓
195,siren,siren,100.0,✓
196,street_music,jackhammer,46.08,✗
197,children_playing,children_playing,99.96,✓
198,children_playing,street_music,68.3,✗
199,car_horn,car_horn,99.93,✓
200,siren,siren,99.93,✓
201,drilling,drilling,99.99,✓
202,dog_bark,dog_bark,99.26,✓
203,jackhammer,jackhammer,100.0,✓
204,engine_idling,engine_idling,100.0,✓
205,gun_shot,gun_shot,100.0,✓
206,siren,children_playing,83.88,✗
207,jackhammer,jackhammer,100.0,✓
208,gun_shot,gun_shot,100.0,✓
209,siren,siren,100.0,✓
210,jackhammer,jackhammer,100.0,✓
211,siren,siren,99.97,✓
212,engine_idling,engine_idling,100.0,✓
213,children_playing,children_playing,99.96,✓
214,children_playing,children_playing,78.31,✓
215,car_horn,car_horn,100.0,✓
216,air_conditioner,air_conditioner,87.6,✓
217,dog_bark,dog_bark,69.44,✓
218,engine_idling,engine_idling,100.0,✓
219,engine_idling,engine_idling,100.0,✓
220,jackhammer,jackhammer,99.96,✓
221,dog_bark,children_playing,83.6,✗
222,dog_bark,car_horn,33.33,✗
223,children_playing,dog_bark,79.82,✗
224,drilling,drilling,100.0,✓
225,jackhammer,jackhammer,100.0,✓
226,children_playing,children_playing,100.0,✓
227,jackhammer,jackhammer,99.99,✓
228,drilling,drilling,98.96,✓
229,air_conditioner,air_conditioner,99.96,✓
230,children_playing,children_playing,62.86,✓
231,car_horn,car_horn,99.97,✓
232,jackhammer,jackhammer,100.0,✓
233,air_conditioner,air_conditioner,100.0,✓
234,jackhammer,jackhammer,49.52,✓
235,jackhammer,jackhammer,99.87,✓
236,drilling,drilling,54.36,✓
237,dog_bark,dog_bark,99.98,✓
238,children_playing,children_playing,99.8,✓
239,jackhammer,jackhammer,100.0,✓
240,jackhammer,jackhammer,100.0,✓
241,children_playing,children_playing,100.0,✓
242,jackhammer,air_conditioner,44.89,✗
243,air_conditioner,air_conditioner,100.0,✓
244,siren,siren,100.0,✓
245,dog_bark,dog_bark,68.59,✓
246,drilling,drilling,99.94,✓
247,children_playing,children_playing,100.0,✓
248,dog_bark,dog_bark,98.31,✓
249,air_conditioner,air_conditioner,100.0,✓
250,jackhammer,jackhammer,99.67,✓
251,air_conditioner,air_conditioner,100.0,✓
252,siren,siren,99.99,✓
253,siren,siren,96.72,✓
254,siren,siren,99.99,✓
255,car_horn,car_horn,99.98,✓
256,drilling,drilling,100.0,✓
257,dog_bark,dog_bark,89.49,✓
258,air_conditioner,air_conditioner,99.2,✓
259,dog_bark,engine_idling,65.66,✗
260,drilling,drilling,99.9,✓
261,street_music,street_music,97.27,✓
262,street_music,street_music,99.32,✓
263,dog_bark,dog_bark,100.0,✓
264,jackhammer,jackhammer,98.11,✓
265,dog_bark,dog_bark,100.0,✓
266,air_conditioner,air_conditioner,99.83,✓
267,jackhammer,jackhammer,99.46,✓
268,jackhammer,jackhammer,100.0,✓
269,street_music,air_conditioner,85.67,✗
270,air_conditioner,air_conditioner,100.0,✓
271,dog_bark,dog_bark,99.98,✓
272,dog_bark,dog_bark,99.94,✓
273,drilling,drilling,92.28,✓
274,air_conditioner,air_conditioner,99.93,✓
275,siren,siren,100.0,✓
276,dog_bark,dog_bark,99.93,✓
277,air_conditioner,drilling,75.54,✗
278,street_music,street_music,99.91,✓
279,dog_bark,dog_bark,99.93,✓
280,children_playing,children_playing,91.93,✓
281,jackhammer,jackhammer,100.0,✓
282,dog_bark,dog_bark,99.92,✓
283,jackhammer,jackhammer,100.0,✓
284,gun_shot,gun_shot,99.92,✓
285,jackhammer,jackhammer,86.45,✓
286,air_conditioner,air_conditioner,100.0,✓
287,children_playing,children_playing,94.79,✓
288,air_conditioner,air_conditioner,99.67,✓
289,gun_shot,gun_shot,99.98,✓
290,jackhammer,jackhammer,100.0,✓
291,dog_bark,dog_bark,99.99,✓
292,children_playing,dog_bark,97.93,✗
293,children_playing,children_playing,99.75,✓
294,siren,siren,99.98,✓
295,siren,siren,100.0,✓
296,air_conditioner,air_conditioner,99.99,✓
297,air_conditioner,street_music,99.76,✗
298,children_playing,children_playing,100.0,✓
299,drilling,drilling,99.88,✓
300,gun_shot,gun_shot,100.0,✓
301,engine_idling,engine_idling,100.0,✓
302,children_playing,engine_idling,77.85,✗
303,air_conditioner,air_conditioner,61.41,✓
304,engine_idling,engine_idling,100.0,✓
305,drilling,drilling,96.15,✓
306,street_music,air_conditioner,52.43,✗
307,street_music,drilling,48.78,✗
308,children_playing,children_playing,100.0,✓
309,siren,siren,100.0,✓
310,car_horn,car_horn,98.85,✓
311,engine_idling,engine_idling,100.0,✓
312,jackhammer,jackhammer,99.98,✓
313,drilling,drilling,99.02,✓
314,drilling,drilling,100.0,✓
315,street_music,air_conditioner,65.79,✗
316,engine_idling,engine_idling,90.45,✓
317,siren,siren,89.3,✓
318,jackhammer,jackhammer,100.0,✓
319,street_music,street_music,96.3,✓
320,siren,siren,99.85,✓
321,air_conditioner,air_conditioner,100.0,✓
322,street_music,street_music,99.98,✓
323,dog_bark,dog_bark,100.0,✓
324,children_playing,children_playing,98.27,✓
325,drilling,drilling,97.21,✓
326,engine_idling,engine_idling,98.45,✓
327,jackhammer,jackhammer,99.48,✓
328,street_music,street_music,50.45,✓
329,air_conditioner,siren,72.33,✗
330,dog_bark,dog_bark,99.95,✓
331,engine_idling,jackhammer,56.52,✗
332,street_music,street_music,53.83,✓
333,children_playing,street_music,57.46,✗
334,dog_bark,dog_bark,98.12,✓
335,children_playing,children_playing,81.84,✓
336,jackhammer,jackhammer,99.69,✓
337,drilling,drilling,100.0,✓
338,street_music,street_music,99.98,✓
339,engine_idling,engine_idling,100.0,✓
340,jackhammer,jackhammer,100.0,✓
341,children_playing,dog_bark,80.99,✗
342,siren,siren,99.95,✓
343,gun_shot,gun_shot,99.93,✓
344,street_music,street_music,94.91,✓
345,jackhammer,jackhammer,100.0,✓
346,jackhammer,jackhammer,100.0,✓
347,engine_idling,engine_idling,96.38,✓
348,children_playing,children_playing,94.68,✓
349,siren,siren,99.12,✓
350,dog_bark,dog_bark,100.0,✓
351,children_playing,children_playing,68.75,✓
352,car_horn,car_horn,99.63,✓
353,drilling,drilling,86.09,✓
354,children_playing,children_playing,99.96,✓
355,street_music,street_music,99.3,✓
356,children_playing,children_playing,99.93,✓
357,street_music,street_music,98.22,✓
358,drilling,drilling,99.93,✓
359,drilling,drilling,98.64,✓
360,dog_bark,drilling,58.61,✗
361,street_music,street_music,98.81,✓
362,air_conditioner,air_conditioner,99.65,✓
363,children_playing,children_playing,58.19,✓
364,street_music,street_music,99.98,✓
365,air_conditioner,air_conditioner,100.0,✓
366,dog_bark,dog_bark,100.0,✓
367,street_music,air_conditioner,62.95,✗
368,car_horn,car_horn,100.0,✓
369,air_conditioner,air_conditioner,100.0,✓
370,air_conditioner,air_conditioner,99.91,✓
371,drilling,jackhammer,96.79,✗
372,children_playing,children_playing,99.99,✓
373,dog_bark,dog_bark,100.0,✓
374,street_music,street_music,99.8,✓
375,children_playing,children_playing,99.97,✓
376,children_playing,children_playing,87.16,✓
377,children_playing,children_playing,94.53,✓
378,siren,siren,100.0,✓
379,siren,siren,99.62,✓
380,street_music,street_music,99.78,✓
381,engine_idling,engine_idling,72.82,✓
382,air_conditioner,air_conditioner,100.0,✓
383,air_conditioner,air_conditioner,97.28,✓
384,air_conditioner,air_conditioner,99.31,✓
385,gun_shot,gun_shot,100.0,✓
386,siren,siren,99.91,✓
387,street_music,engine_idling,91.31,✗
388,engine_idling,engine_idling,100.0,✓
389,jackhammer,jackhammer,97.56,✓
390,dog_bark,dog_bark,99.97,✓
391,air_conditioner,air_conditioner,99.88,✓
392,street_music,street_music,58.24,✓
393,street_music,jackhammer,99.98,✗
394,street_music,street_music,99.17,✓
395,dog_bark,dog_bark,99.98,✓
396,street_music,street_music,99.99,✓
397,siren,siren,96.3,✓
398,siren,street_music,77.54,✗
399,dog_bark,dog_bark,98.79,✓
400,jackhammer,jackhammer,50.47,✓
401,engine_idling,engine_idling,100.0,✓
402,street_music,street_music,100.0,✓
403,street_music,street_music,100.0,✓
404,siren,siren,88.02,✓
405,engine_idling,engine_idling,99.99,✓
406,air_conditioner,air_conditioner,99.99,✓
407,dog_bark,dog_bark,99.69,✓
408,children_playing,children_playing,93.09,✓
409,engine_idling,engine_idling,100.0,✓
410,dog_bark,dog_bark,85.78,✓
411,engine_idling,engine_idling,100.0,✓
412,siren,siren,100.0,✓
413,dog_bark,dog_bark,100.0,✓
414,children_playing,children_playing,95.65,✓
415,street_music,street_music,99.26,✓
416,engine_idling,engine_idling,100.0,✓
417,children_playing,street_music,99.8,✗
418,siren,siren,100.0,✓
419,jackhammer,jackhammer,100.0,✓
420,car_horn,car_horn,99.97,✓
421,air_conditioner,air_conditioner,100.0,✓
422,drilling,drilling,94.97,✓
423,children_playing,children_playing,90.54,✓
424,street_music,street_music,95.9,✓
425,street_music,street_music,99.91,✓
426,siren,siren,100.0,✓
427,street_music,street_music,47.61,✓
428,dog_bark,children_playing,85.12,✗
429,drilling,drilling,100.0,✓
430,children_playing,children_playing,79.72,✓
431,street_music,street_music,100.0,✓
432,drilling,drilling,99.91,✓
433,dog_bark,dog_bark,100.0,✓
434,children_playing,jackhammer,99.04,✗
435,jackhammer,jackhammer,100.0,✓
436,siren,siren,99.27,✓
437,air_conditioner,air_conditioner,100.0,✓
438,gun_shot,gun_shot,100.0,✓
439,street_music,street_music,99.03,✓
440,drilling,drilling,100.0,✓
441,air_conditioner,air_conditioner,99.99,✓
442,siren,siren,65.77,✓
443,jackhammer,jackhammer,93.55,✓
444,drilling,drilling,99.99,✓
445,gun_shot,gun_shot,100.0,✓
446,drilling,jackhammer,46.72,✗
447,engine_idling,engine_idling,100.0,✓
448,siren,siren,100.0,✓
449,siren,siren,99.99,✓
450,drilling,drilling,94.61,✓
451,air_conditioner,air_conditioner,99.99,✓
452,car_horn,car_horn,96.9,✓
453,siren,siren,100.0,✓
454,drilling,dog_bark,83.29,✗
455,drilling,drilling,99.94,✓
456,siren,siren,100.0,✓
457,jackhammer,jackhammer,95.41,✓
458,street_music,street_music,99.89,✓
459,drilling,drilling,100.0,✓
460,dog_bark,dog_bark,94.41,✓
461,drilling,drilling,100.0,✓
462,siren,siren,99.98,✓
463,dog_bark,dog_bark,99.57,✓
464,siren,siren,99.99,✓
465,dog_bark,dog_bark,99.82,✓
466,street_music,street_music,78.26,✓
467,engine_idling,engine_idling,100.0,✓
468,jackhammer,jackhammer,100.0,✓
469,car_horn,gun_shot,81.11,✗
470,car_horn,gun_shot,93.11,✗
471,gun_shot,gun_shot,100.0,✓
472,jackhammer,jackhammer,99.98,✓
473,drilling,drilling,100.0,✓
474,engine_idling,children_playing,88.66,✗
475,dog_bark,dog_bark,99.55,✓
476,drilling,drilling,100.0,✓
477,dog_bark,dog_bark,99.99,✓
478,dog_bark,street_music,100.0,✗
479,siren,siren,99.98,✓
480,dog_bark,drilling,46.89,✗
481,drilling,drilling,96.38,✓
482,engine_idling,street_music,95.24,✗
483,engine_idling,engine_idling,99.99,✓
484,siren,siren,99.91,✓
485,gun_shot,gun_shot,99.81,✓
486,children_playing,children_playing,99.98,✓
487,air_conditioner,air_conditioner,100.0,✓
488,jackhammer,jackhammer,99.86,✓
489,children_playing,children_playing,87.16,✓
490,gun_shot,gun_shot,100.0,✓
491,air_conditioner,air_conditioner,100.0,✓
492,drilling,drilling,99.99,✓
493,jackhammer,jackhammer,100.0,✓
494,air_conditioner,air_conditioner,99.81,✓
495,dog_bark,dog_bark,100.0,✓
496,dog_bark,dog_bark,99.37,✓
497,car_horn,car_horn,99.9,✓
498,drilling,drilling,99.94,✓
499,dog_bark,street_music,83.25,✗
500,air_conditioner,air_conditioner,97.22,✓
501,children_playing,children_playing,99.69,✓
502,air_conditioner,air_conditioner,99.98,✓
503,children_playing,street_music,85.89,✗
504,drilling,drilling,99.97,✓
505,engine_idling,engine_idling,100.0,✓
506,gun_shot,gun_shot,100.0,✓
507,dog_bark,dog_bark,100.0,✓
508,engine_idling,engine_idling,100.0,✓
509,street_music,children_playing,70.06,✗
510,engine_idling,engine_idling,100.0,✓
511,dog_bark,dog_bark,100.0,✓
512,car_horn,car_horn,100.0,✓
513,street_music,street_music,99.77,✓
514,drilling,drilling,99.34,✓
515,street_music,street_music,100.0,✓
516,jackhammer,jackhammer,99.83,✓
517,gun_shot,gun_shot,97.33,✓
518,siren,siren,99.98,✓
519,jackhammer,jackhammer,99.57,✓
520,air_conditioner,air_conditioner,100.0,✓
521,air_conditioner,air_conditioner,99.78,✓
522,air_conditioner,air_conditioner,99.98,✓
523,car_horn,car_horn,99.99,✓
524,engine_idling,engine_idling,99.62,✓
525,jackhammer,jackhammer,99.94,✓
526,dog_bark,dog_bark,65.83,✓
527,air_conditioner,air_conditioner,99.77,✓
528,street_music,children_playing,99.71,✗
529,car_horn,car_horn,99.32,✓
530,jackhammer,jackhammer,99.97,✓
531,street_music,street_music,100.0,✓
532,jackhammer,jackhammer,99.24,✓
533,drilling,drilling,56.24,✓
534,drilling,drilling,99.69,✓
535,car_horn,car_horn,99.78,✓
536,engine_idling,engine_idling,99.37,✓
537,siren,siren,98.53,✓
538,gun_shot,gun_shot,99.83,✓
539,drilling,drilling,88.71,✓
540,jackhammer,jackhammer,99.92,✓
541,engine_idling,engine_idling,100.0,✓
542,dog_bark,dog_bark,100.0,✓
543,drilling,drilling,97.91,✓
544,jackhammer,jackhammer,99.97,✓
545,street_music,drilling,68.32,✗
546,jackhammer,jackhammer,100.0,✓
547,siren,siren,99.18,✓
548,drilling,drilling,99.48,✓
549,engine_idling,engine_idling,99.92,✓
550,dog_bark,dog_bark,99.76,✓
551,drilling,drilling,100.0,✓
552,jackhammer,jackhammer,100.0,✓
553,air_conditioner,air_conditioner,99.95,✓
554,street_music,street_music,99.87,✓
555,jackhammer,jackhammer,99.99,✓
556,street_music,street_music,88.22,✓
557,children_playing,children_playing,99.78,✓
558,air_conditioner,air_conditioner,99.24,✓
559,engine_idling,engine_idling,100.0,✓
560,jackhammer,jackhammer,95.88,✓
561,children_playing,street_music,51.9,✗
562,children_playing,children_playing,100.0,✓
563,air_conditioner,air_conditioner,100.0,✓
564,children_playing,children_playing,99.9,✓
565,drilling,drilling,99.95,✓
566,drilling,drilling,100.0,✓
567,children_playing,children_playing,100.0,✓
568,jackhammer,jackhammer,100.0,✓
569,air_conditioner,air_conditioner,100.0,✓
570,siren,siren,100.0,✓
571,siren,siren,99.44,✓
572,drilling,drilling,100.0,✓
573,car_horn,car_horn,100.0,✓
574,engine_idling,engine_idling,100.0,✓
575,drilling,drilling,47.47,✓
576,children_playing,children_playing,99.99,✓
577,car_horn,car_horn,97.95,✓
578,children_playing,drilling,30.46,✗
579,car_horn,car_horn,99.99,✓
580,jackhammer,jackhammer,97.81,✓
581,air_conditioner,air_conditioner,99.99,✓
582,street_music,street_music,99.79,✓
583,air_conditioner,air_conditioner,100.0,✓
584,siren,siren,84.5,✓
585,engine_idling,engine_idling,100.0,✓
586,air_conditioner,air_conditioner,100.0,✓
587,jackhammer,jackhammer,99.98,✓
588,air_conditioner,air_conditioner,100.0,✓
589,air_conditioner,air_conditioner,100.0,✓
590,dog_bark,dog_bark,100.0,✓
591,engine_idling,engine_idling,100.0,✓
592,air_conditioner,air_conditioner,100.0,✓
593,engine_idling,engine_idling,60.7,✓
594,drilling,drilling,100.0,✓
595,children_playing,children_playing,99.42,✓
596,siren,siren,69.87,✓
597,street_music,street_music,94.6,✓
598,engine_idling,engine_idling,100.0,✓
599,drilling,drilling,100.0,✓
600,engine_idling,engine_idling,100.0,✓
601,gun_shot,gun_shot,98.82,✓
602,street_music,drilling,93.01,✗
603,engine_idling,engine_idling,100.0,✓
604,dog_bark,dog_bark,99.95,✓
605,street_music,street_music,99.98,✓
606,siren,siren,99.96,✓
607,car_horn,car_horn,60.32,✓
608,drilling,drilling,99.96,✓
609,dog_bark,dog_bark,100.0,✓
610,gun_shot,gun_shot,99.96,✓
611,engine_idling,engine_idling,95.46,✓
612,air_conditioner,air_conditioner,100.0,✓
613,children_playing,dog_bark,99.66,✗
614,engine_idling,engine_idling,99.97,✓
615,jackhammer,jackhammer,99.98,✓
616,jackhammer,jackhammer,99.99,✓
617,children_playing,children_playing,85.62,✓
618,children_playing,children_playing,99.9,✓
619,drilling,drilling,60.32,✓
620,air_conditioner,air_conditioner,100.0,✓
621,jackhammer,jackhammer,99.94,✓
622,children_playing,children_playing,99.99,✓
623,street_music,street_music,100.0,✓
624,air_conditioner,air_conditioner,100.0,✓
625,street_music,street_music,98.98,✓
626,car_horn,car_horn,100.0,✓
627,air_conditioner,air_conditioner,100.0,✓
628,gun_shot,gun_shot,99.97,✓
629,engine_idling,engine_idling,96.22,✓
630,car_horn,car_horn,99.39,✓
631,jackhammer,jackhammer,99.59,✓
632,air_conditioner,air_conditioner,95.95,✓
633,siren,siren,99.99,✓
634,gun_shot,gun_shot,99.06,✓
635,drilling,drilling,99.93,✓
636,jackhammer,jackhammer,97.56,✓
637,car_horn,car_horn,96.71,✓
638,jackhammer,jackhammer,99.99,✓
639,gun_shot,gun_shot,100.0,✓
640,car_horn,car_horn,93.08,✓
641,children_playing,dog_bark,45.52,✗
642,jackhammer,jackhammer,100.0,✓
643,air_conditioner,air_conditioner,100.0,✓
644,air_conditioner,air_conditioner,100.0,✓
645,dog_bark,dog_bark,100.0,✓
646,jackhammer,jackhammer,100.0,✓
647,engine_idling,engine_idling,99.34,✓
648,jackhammer,jackhammer,99.95,✓
649,street_music,street_music,83.64,✓
650,drilling,drilling,99.99,✓
651,air_conditioner,air_conditioner,85.25,✓
652,car_horn,car_horn,84.58,✓
653,air_conditioner,air_conditioner,99.75,✓
654,engine_idling,engine_idling,100.0,✓
655,dog_bark,dog_bark,100.0,✓
656,car_horn,air_conditioner,79.99,✗
657,air_conditioner,air_conditioner,83.7,✓
658,drilling,drilling,99.96,✓
659,air_conditioner,air_conditioner,100.0,✓
660,street_music,street_music,99.98,✓
661,dog_bark,dog_bark,98.43,✓
662,children_playing,children_playing,99.99,✓
663,children_playing,children_playing,100.0,✓
664,dog_bark,dog_bark,100.0,✓
665,street_music,street_music,89.0,✓
666,siren,siren,68.58,✓
667,engine_idling,engine_idling,100.0,✓
668,engine_idling,engine_idling,99.87,✓
669,children_playing,children_playing,94.53,✓
670,engine_idling,engine_idling,100.0,✓
671,jackhammer,jackhammer,99.98,✓
672,street_music,street_music,99.84,✓
673,gun_shot,gun_shot,98.09,✓
674,jackhammer,jackhammer,99.99,✓
675,car_horn,car_horn,100.0,✓
676,air_conditioner,air_conditioner,99.99,✓
677,air_conditioner,engine_idling,42.12,✗
678,car_horn,car_horn,100.0,✓
679,gun_shot,gun_shot,100.0,✓
680,jackhammer,jackhammer,99.99,✓
681,jackhammer,jackhammer,99.91,✓
682,children_playing,dog_bark,96.28,✗
683,dog_bark,dog_bark,99.59,✓
684,jackhammer,jackhammer,100.0,✓
685,air_conditioner,air_conditioner,99.96,✓
686,engine_idling,engine_idling,100.0,✓
687,drilling,drilling,99.98,✓
688,siren,siren,100.0,✓
689,engine_idling,engine_idling,100.0,✓
690,engine_idling,engine_idling,100.0,✓
691,gun_shot,gun_shot,99.96,✓
692,siren,siren,100.0,✓
693,drilling,drilling,99.86,✓
694,dog_bark,children_playing,35.58,✗
695,engine_idling,engine_idling,99.99,✓
696,drilling,drilling,99.99,✓
697,dog_bark,dog_bark,99.82,✓
698,jackhammer,jackhammer,99.97,✓
699,jackhammer,jackhammer,95.37,✓
700,children_playing,children_playing,99.97,✓
701,street_music,street_music,100.0,✓
702,air_conditioner,air_conditioner,100.0,✓
703,engine_idling,engine_idling,67.61,✓
704,engine_idling,engine_idling,97.97,✓
705,jackhammer,jackhammer,100.0,✓
706,engine_idling,engine_idling,99.98,✓
707,jackhammer,jackhammer,100.0,✓
708,children_playing,children_playing,92.91,✓
709,dog_bark,dog_bark,99.33,✓
710,jackhammer,jackhammer,99.82,✓
711,children_playing,dog_bark,48.03,✗
712,engine_idling,engine_idling,99.98,✓
713,air_conditioner,air_conditioner,100.0,✓
714,street_music,street_music,56.5,✓
715,gun_shot,gun_shot,100.0,✓
716,street_music,street_music,99.41,✓
717,street_music,air_conditioner,46.98,✗
718,engine_idling,engine_idling,100.0,✓
719,jackhammer,jackhammer,100.0,✓
720,dog_bark,dog_bark,99.96,✓
721,engine_idling,engine_idling,100.0,✓
722,dog_bark,air_conditioner,46.29,✗
723,dog_bark,engine_idling,58.42,✗
724,street_music,street_music,99.98,✓
725,drilling,drilling,99.85,✓
726,children_playing,children_playing,100.0,✓
727,engine_idling,engine_idling,100.0,✓
728,drilling,drilling,99.99,✓
729,engine_idling,engine_idling,100.0,✓
730,siren,dog_bark,59.33,✗
731,engine_idling,engine_idling,99.95,✓
732,children_playing,children_playing,100.0,✓
733,drilling,drilling,100.0,✓
734,children_playing,children_playing,100.0,✓
735,dog_bark,dog_bark,98.5,✓
736,children_playing,children_playing,99.99,✓
737,street_music,air_conditioner,78.66,✗
738,dog_bark,dog_bark,96.87,✓
739,dog_bark,dog_bark,98.23,✓
740,drilling,drilling,99.95,✓
741,jackhammer,jackhammer,84.47,✓
742,jackhammer,jackhammer,99.38,✓
743,air_conditioner,air_conditioner,100.0,✓
744,street_music,street_music,100.0,✓
745,children_playing,dog_bark,65.54,✗
746,engine_idling,engine_idling,100.0,✓
747,air_conditioner,air_conditioner,100.0,✓
748,jackhammer,jackhammer,99.21,✓
749,drilling,drilling,97.83,✓
750,children_playing,children_playing,96.49,✓
751,children_playing,children_playing,96.21,✓
752,engine_idling,engine_idling,100.0,✓
753,street_music,street_music,68.49,✓
754,engine_idling,engine_idling,100.0,✓
755,street_music,street_music,58.19,✓
756,street_music,jackhammer,61.59,✗
757,engine_idling,engine_idling,100.0,✓
758,drilling,drilling,100.0,✓
759,siren,siren,99.98,✓
760,drilling,drilling,99.98,✓
761,engine_idling,engine_idling,100.0,✓
762,children_playing,children_playing,99.86,✓
763,air_conditioner,air_conditioner,66.36,✓
764,siren,siren,100.0,✓
765,engine_idling,engine_idling,99.97,✓
766,street_music,street_music,99.99,✓
767,children_playing,children_playing,99.81,✓
768,siren,siren,99.93,✓
769,air_conditioner,air_conditioner,98.15,✓
770,gun_shot,gun_shot,100.0,✓
771,siren,siren,99.98,✓
772,engine_idling,engine_idling,99.97,✓
773,jackhammer,jackhammer,99.99,✓
774,siren,siren,100.0,✓
775,street_music,street_music,98.82,✓
776,siren,siren,100.0,✓
777,dog_bark,dog_bark,95.57,✓
778,drilling,drilling,99.99,✓
779,air_conditioner,air_conditioner,88.62,✓
780,jackhammer,jackhammer,99.87,✓
781,engine_idling,engine_idling,100.0,✓
782,children_playing,children_playing,98.5,✓
783,car_horn,engine_idling,34.48,✗
784,jackhammer,jackhammer,99.99,✓
785,drilling,drilling,99.93,✓
786,air_conditioner,air_conditioner,99.99,✓
787,air_conditioner,air_conditioner,99.82,✓
788,children_playing,children_playing,97.79,✓
789,air_conditioner,air_conditioner,99.88,✓
790,siren,street_music,56.96,✗
791,engine_idling,jackhammer,94.53,✗
792,drilling,drilling,100.0,✓
793,street_music,street_music,100.0,✓
794,siren,siren,100.0,✓
795,drilling,jackhammer,99.31,✗
796,gun_shot,gun_shot,100.0,✓
797,engine_idling,engine_idling,99.99,✓
798,siren,siren,100.0,✓
799,street_music,street_music,98.82,✓
800,street_music,street_music,99.79,✓
801,engine_idling,engine_idling,100.0,✓
802,children_playing,children_playing,59.41,✓
803,air_conditioner,air_conditioner,98.5,✓
804,children_playing,dog_bark,67.04,✗
805,air_conditioner,air_conditioner,100.0,✓
806,dog_bark,dog_bark,99.83,✓
807,street_music,street_music,99.64,✓
808,street_music,street_music,68.67,✓
809,street_music,street_music,99.84,✓
810,street_music,children_playing,99.24,✗
811,air_conditioner,air_conditioner,100.0,✓
812,gun_shot,gun_shot,100.0,✓
813,dog_bark,dog_bark,100.0,✓
814,dog_bark,dog_bark,95.41,✓
815,drilling,drilling,70.86,✓
816,air_conditioner,air_conditioner,100.0,✓
817,jackhammer,jackhammer,99.94,✓
818,engine_idling,engine_idling,100.0,✓
819,drilling,drilling,100.0,✓
820,street_music,street_music,96.62,✓
821,air_conditioner,air_conditioner,100.0,✓
822,drilling,drilling,99.36,✓
823,engine_idling,engine_idling,100.0,✓
824,air_conditioner,street_music,45.89,✗
825,children_playing,children_playing,99.85,✓
826,dog_bark,dog_bark,99.85,✓
827,dog_bark,dog_bark,99.97,✓
828,dog_bark,dog_bark,99.99,✓
829,air_conditioner,air_conditioner,100.0,✓
830,children_playing,children_playing,99.9,✓
831,engine_idling,engine_idling,100.0,✓
832,engine_idling,engine_idling,100.0,✓
833,children_playing,street_music,99.52,✗
834,drilling,drilling,100.0,✓
835,jackhammer,jackhammer,100.0,✓
836,dog_bark,engine_idling,54.15,✗
837,drilling,jackhammer,97.35,✗
838,children_playing,children_playing,99.81,✓
839,siren,siren,99.92,✓
840,car_horn,car_horn,99.98,✓
841,air_conditioner,air_conditioner,100.0,✓
842,engine_idling,engine_idling,100.0,✓
843,jackhammer,jackhammer,99.59,✓
844,engine_idling,engine_idling,100.0,✓
845,dog_bark,dog_bark,100.0,✓
846,jackhammer,street_music,98.95,✗
847,dog_bark,dog_bark,99.79,✓
848,jackhammer,jackhammer,99.9,✓
849,children_playing,children_playing,98.14,✓
850,children_playing,children_playing,99.85,✓
851,gun_shot,gun_shot,100.0,✓
852,jackhammer,jackhammer,100.0,✓
853,siren,siren,84.46,✓
854,engine_idling,engine_idling,99.94,✓
855,engine_idling,engine_idling,100.0,✓
856,street_music,street_music,99.91,✓
857,air_conditioner,air_conditioner,99.81,✓
858,street_music,engine_idling,99.49,✗
859,gun_shot,gun_shot,99.85,✓
860,siren,siren,99.99,✓
861,drilling,drilling,99.65,✓
862,street_music,street_music,87.33,✓
863,jackhammer,jackhammer,98.64,✓
864,drilling,drilling,96.83,✓
865,engine_idling,engine_idling,99.78,✓
866,air_conditioner,air_conditioner,100.0,✓
867,air_conditioner,air_conditioner,100.0,✓
868,dog_bark,dog_bark,97.81,✓
869,jackhammer,jackhammer,99.64,✓
870,dog_bark,dog_bark,86.33,✓
871,siren,siren,93.27,✓
872,street_music,street_music,91.84,✓
873,car_horn,car_horn,99.85,✓
874,engine_idling,engine_idling,91.28,✓
875,dog_bark,dog_bark,99.48,✓
876,dog_bark,dog_bark,99.69,✓
877,drilling,jackhammer,88.12,✗
878,drilling,drilling,100.0,✓
879,air_conditioner,air_conditioner,100.0,✓
880,gun_shot,gun_shot,99.99,✓
881,engine_idling,engine_idling,99.96,✓
882,children_playing,children_playing,100.0,✓
883,siren,siren,99.96,✓
884,street_music,street_music,99.76,✓
885,gun_shot,gun_shot,100.0,✓
886,jackhammer,jackhammer,99.98,✓
887,air_conditioner,air_conditioner,100.0,✓
888,jackhammer,jackhammer,100.0,✓
889,children_playing,children_playing,99.92,✓
890,dog_bark,dog_bark,99.93,✓
891,gun_shot,gun_shot,100.0,✓
892,drilling,drilling,99.99,✓
893,children_playing,children_playing,99.62,✓
894,drilling,drilling,99.95,✓
895,siren,siren,100.0,✓
896,drilling,drilling,99.92,✓
897,children_playing,children_playing,98.16,✓
898,car_horn,car_horn,99.93,✓
899,dog_bark,dog_bark,99.81,✓
900,engine_idling,engine_idling,99.99,✓
901,engine_idling,engine_idling,100.0,✓
902,engine_idling,engine_idling,100.0,✓
903,drilling,drilling,92.75,✓
904,dog_bark,street_music,98.79,✗
905,jackhammer,jackhammer,100.0,✓
906,jackhammer,jackhammer,100.0,✓
907,children_playing,children_playing,98.09,✓
908,street_music,street_music,98.63,✓
909,jackhammer,jackhammer,100.0,✓
910,street_music,children_playing,66.08,✗
911,drilling,drilling,99.97,✓
912,air_conditioner,air_conditioner,100.0,✓
913,jackhammer,jackhammer,98.47,✓
914,drilling,drilling,88.2,✓
915,dog_bark,dog_bark,100.0,✓
916,dog_bark,dog_bark,100.0,✓
917,children_playing,children_playing,99.97,✓
918,engine_idling,jackhammer,91.39,✗
919,jackhammer,jackhammer,100.0,✓
920,air_conditioner,air_conditioner,100.0,✓
921,children_playing,children_playing,99.92,✓
922,drilling,drilling,90.64,✓
923,drilling,air_conditioner,62.7,✗
924,children_playing,children_playing,95.93,✓
925,dog_bark,air_conditioner,97.04,✗
926,street_music,car_horn,99.63,✗
927,air_conditioner,air_conditioner,100.0,✓
928,siren,siren,99.89,✓
929,siren,siren,99.92,✓
930,engine_idling,engine_idling,62.41,✓
931,jackhammer,jackhammer,100.0,✓
932,street_music,drilling,98.5,✗
933,siren,siren,99.98,✓
934,street_music,street_music,99.91,✓
935,dog_bark,dog_bark,99.82,✓
936,jackhammer,jackhammer,99.98,✓
937,gun_shot,gun_shot,99.99,✓
938,dog_bark,dog_bark,100.0,✓
939,drilling,drilling,88.75,✓
940,drilling,drilling,88.5,✓
941,children_playing,children_playing,61.69,✓
942,siren,siren,100.0,✓
943,street_music,street_music,69.24,✓
944,air_conditioner,air_conditioner,98.72,✓
945,street_music,street_music,89.12,✓
946,children_playing,children_playing,96.55,✓
947,street_music,jackhammer,68.2,✗
948,street_music,street_music,84.55,✓
949,siren,siren,100.0,✓
950,dog_bark,dog_bark,46.11,✓
951,siren,siren,100.0,✓
952,drilling,drilling,100.0,✓
953,dog_bark,dog_bark,72.3,✓
954,drilling,jackhammer,99.62,✗
955,gun_shot,gun_shot,62.62,✓
956,children_playing,children_playing,99.99,✓
957,dog_bark,dog_bark,98.92,✓
958,dog_bark,dog_bark,100.0,✓
959,drilling,drilling,75.08,✓
960,jackhammer,jackhammer,100.0,✓
961,dog_bark,dog_bark,100.0,✓
962,engine_idling,engine_idling,100.0,✓
963,dog_bark,dog_bark,100.0,✓
964,engine_idling,engine_idling,99.99,✓
965,drilling,drilling,99.98,✓
966,drilling,drilling,99.86,✓
967,siren,siren,99.07,✓
968,engine_idling,engine_idling,98.81,✓
969,air_conditioner,air_conditioner,100.0,✓
970,drilling,drilling,100.0,✓
971,car_horn,car_horn,100.0,✓
972,siren,siren,99.88,✓
973,engine_idling,engine_idling,99.86,✓
974,drilling,jackhammer,88.05,✗
975,children_playing,children_playing,99.54,✓
976,siren,siren,100.0,✓
977,drilling,drilling,99.0,✓
978,siren,siren,99.97,✓
979,gun_shot,engine_idling,41.84,✗
980,siren,siren,99.44,✓
981,dog_bark,street_music,99.9,✗
982,children_playing,children_playing,64.34,✓
983,jackhammer,jackhammer,97.78,✓
984,drilling,drilling,100.0,✓
985,gun_shot,gun_shot,99.59,✓
986,children_playing,children_playing,95.85,✓
987,jackhammer,jackhammer,99.99,✓
988,children_playing,children_playing,99.84,✓
989,street_music,street_music,99.92,✓
990,siren,siren,100.0,✓
991,siren,siren,99.72,✓
992,siren,siren,99.99,✓
993,siren,siren,99.51,✓
994,dog_bark,dog_bark,91.37,✓
995,street_music,siren,62.36,✗
996,engine_idling,engine_idling,100.0,✓
997,jackhammer,jackhammer,100.0,✓
998,air_conditioner,air_conditioner,100.0,✓
999,jackhammer,jackhammer,100.0,✓
1000,drilling,drilling,100.0,✓
1001,air_conditioner,air_conditioner,99.77,✓
1002,dog_bark,dog_bark,100.0,✓
1003,street_music,street_music,99.94,✓
1004,engine_idling,jackhammer,98.18,✗
1005,engine_idling,engine_idling,100.0,✓
1006,engine_idling,engine_idling,100.0,✓
1007,air_conditioner,air_conditioner,99.95,✓
1008,street_music,street_music,97.69,✓
1009,engine_idling,engine_idling,100.0,✓
1010,drilling,drilling,99.99,✓
1011,car_horn,car_horn,99.96,✓
1012,dog_bark,dog_bark,81.97,✓
1013,children_playing,street_music,98.95,✗
1014,air_conditioner,air_conditioner,99.99,✓
1015,drilling,drilling,100.0,✓
1016,jackhammer,jackhammer,100.0,✓
1017,jackhammer,jackhammer,100.0,✓
1018,children_playing,children_playing,100.0,✓
1019,jackhammer,jackhammer,99.86,✓
1020,jackhammer,jackhammer,100.0,✓
1021,air_conditioner,air_conditioner,100.0,✓
1022,children_playing,children_playing,98.7,✓
1023,engine_idling,engine_idling,100.0,✓
1024,car_horn,car_horn,100.0,✓
1025,children_playing,children_playing,69.67,✓
1026,engine_idling,engine_idling,100.0,✓
1027,car_horn,car_horn,99.99,✓
1028,street_music,street_music,100.0,✓
1029,dog_bark,air_conditioner,25.48,✗
1030,air_conditioner,air_conditioner,99.99,✓
1031,air_conditioner,air_conditioner,98.96,✓
1032,children_playing,children_playing,98.62,✓
1033,gun_shot,gun_shot,99.7,✓
1034,drilling,drilling,100.0,✓
1035,children_playing,children_playing,99.97,✓
1036,air_conditioner,air_conditioner,100.0,✓
1037,jackhammer,jackhammer,100.0,✓
1038,jackhammer,jackhammer,93.42,✓
1039,engine_idling,engine_idling,99.62,✓
1040,street_music,street_music,99.99,✓
1041,air_conditioner,air_conditioner,98.77,✓
1042,jackhammer,jackhammer,99.97,✓
1043,air_conditioner,air_conditioner,99.99,✓
1044,drilling,drilling,99.65,✓
1045,children_playing,children_playing,99.98,✓
1046,street_music,street_music,99.35,✓
1047,dog_bark,dog_bark,99.98,✓
1048,air_conditioner,air_conditioner,99.99,✓
1049,drilling,drilling,73.65,✓
1050,drilling,drilling,79.13,✓
1051,air_conditioner,air_conditioner,99.53,✓
1052,jackhammer,jackhammer,100.0,✓
1053,air_conditioner,air_conditioner,100.0,✓
1054,engine_idling,engine_idling,100.0,✓
1055,engine_idling,engine_idling,100.0,✓
1056,gun_shot,gun_shot,99.41,✓
1057,engine_idling,engine_idling,100.0,✓
1058,air_conditioner,air_conditioner,99.9,✓
1059,siren,siren,98.98,✓
1060,children_playing,street_music,87.89,✗
1061,dog_bark,street_music,83.83,✗
1062,siren,siren,94.22,✓
1063,street_music,street_music,99.89,✓
1064,engine_idling,engine_idling,100.0,✓
1065,drilling,drilling,99.93,✓
1066,street_music,street_music,99.96,✓
1067,air_conditioner,air_conditioner,99.82,✓
1068,air_conditioner,air_conditioner,100.0,✓
1069,siren,siren,99.98,✓
1070,air_conditioner,air_conditioner,99.99,✓
1071,jackhammer,jackhammer,100.0,✓
1072,children_playing,children_playing,96.45,✓
1073,children_playing,engine_idling,96.58,✗
1074,children_playing,children_playing,95.12,✓
1075,engine_idling,engine_idling,100.0,✓
1076,siren,siren,100.0,✓
1077,jackhammer,jackhammer,100.0,✓
1078,street_music,street_music,99.88,✓
1079,gun_shot,gun_shot,100.0,✓
1080,dog_bark,dog_bark,100.0,✓
1081,street_music,street_music,100.0,✓
1082,siren,siren,99.07,✓
1083,engine_idling,engine_idling,100.0,✓
1084,air_conditioner,air_conditioner,100.0,✓
1085,drilling,drilling,99.69,✓
1086,siren,air_conditioner,49.13,✗
1087,street_music,street_music,96.68,✓
1088,drilling,drilling,99.98,✓
1089,engine_idling,engine_idling,99.6,✓
1090,car_horn,jackhammer,94.7,✗
1091,dog_bark,dog_bark,87.82,✓
1092,air_conditioner,air_conditioner,100.0,✓
1093,engine_idling,engine_idling,100.0,✓
1094,drilling,drilling,100.0,✓
1095,dog_bark,dog_bark,94.11,✓
1096,children_playing,children_playing,48.68,✓
1097,dog_bark,dog_bark,99.77,✓
1098,car_horn,car_horn,100.0,✓
1099,dog_bark,dog_bark,100.0,✓
1100,children_playing,children_playing,100.0,✓
1101,street_music,street_music,98.45,✓
1102,engine_idling,engine_idling,100.0,✓
1103,air_conditioner,air_conditioner,100.0,✓
1104,air_conditioner,air_conditioner,99.72,✓
1105,drilling,drilling,99.98,✓
1106,siren,siren,99.94,✓
1107,street_music,street_music,99.96,✓
1108,children_playing,children_playing,100.0,✓
1109,siren,jackhammer,62.63,✗
1110,street_music,street_music,81.57,✓
1111,engine_idling,engine_idling,85.7,✓
1112,gun_shot,gun_shot,100.0,✓
1113,street_music,street_music,99.96,✓
1114,children_playing,air_conditioner,51.9,✗
1115,jackhammer,jackhammer,96.31,✓
1116,jackhammer,gun_shot,34.32,✗
1117,gun_shot,gun_shot,100.0,✓
1118,engine_idling,engine_idling,100.0,✓
1119,air_conditioner,air_conditioner,99.85,✓
1120,children_playing,children_playing,100.0,✓
1121,children_playing,street_music,99.99,✗
1122,siren,siren,99.98,✓
1123,air_conditioner,air_conditioner,100.0,✓
1124,siren,siren,100.0,✓
1125,dog_bark,dog_bark,99.8,✓
1126,drilling,drilling,99.54,✓
1127,jackhammer,jackhammer,100.0,✓
1128,children_playing,street_music,98.09,✗
1129,drilling,drilling,100.0,✓
1130,siren,siren,82.64,✓
1131,air_conditioner,air_conditioner,99.99,✓
1132,children_playing,dog_bark,71.97,✗
1133,street_music,street_music,100.0,✓
1134,street_music,street_music,99.99,✓
1135,air_conditioner,air_conditioner,98.66,✓
1136,engine_idling,engine_idling,100.0,✓
1137,engine_idling,engine_idling,100.0,✓
1138,engine_idling,engine_idling,100.0,✓
1139,dog_bark,dog_bark,100.0,✓
1140,jackhammer,jackhammer,100.0,✓
1141,car_horn,children_playing,98.95,✗
1142,engine_idling,engine_idling,99.98,✓
1143,jackhammer,jackhammer,100.0,✓
1144,jackhammer,jackhammer,99.83,✓
1145,engine_idling,engine_idling,99.1,✓
1146,children_playing,children_playing,91.56,✓
1147,engine_idling,engine_idling,100.0,✓
1148,children_playing,children_playing,96.43,✓
1149,street_music,engine_idling,99.09,✗
1150,air_conditioner,air_conditioner,99.99,✓
1151,jackhammer,jackhammer,100.0,✓
1152,children_playing,children_playing,99.59,✓
1153,siren,siren,98.14,✓
1154,drilling,drilling,98.67,✓
1155,children_playing,children_playing,99.89,✓
1156,air_conditioner,air_conditioner,100.0,✓
1157,siren,siren,99.98,✓
1158,drilling,drilling,61.25,✓
1159,engine_idling,street_music,69.93,✗
1160,siren,siren,90.4,✓
1161,air_conditioner,air_conditioner,99.1,✓
1162,dog_bark,dog_bark,100.0,✓
1163,dog_bark,engine_idling,81.29,✗
1164,drilling,drilling,100.0,✓
1165,dog_bark,dog_bark,100.0,✓
1166,siren,siren,99.81,✓
1167,drilling,drilling,100.0,✓
1168,engine_idling,engine_idling,100.0,✓
1169,street_music,street_music,99.95,✓
1170,drilling,drilling,100.0,✓
1171,engine_idling,engine_idling,66.74,✓
1172,jackhammer,jackhammer,99.24,✓
1173,siren,siren,99.02,✓
1174,car_horn,car_horn,93.96,✓
1175,gun_shot,gun_shot,100.0,✓
1176,jackhammer,jackhammer,99.97,✓
1177,children_playing,children_playing,99.89,✓
1178,siren,dog_bark,80.47,✗
1179,street_music,children_playing,73.09,✗
1180,air_conditioner,air_conditioner,100.0,✓
1181,air_conditioner,air_conditioner,99.23,✓
1182,dog_bark,dog_bark,98.92,✓
1183,engine_idling,engine_idling,100.0,✓
1184,children_playing,children_playing,99.91,✓
1185,street_music,street_music,99.06,✓
1186,dog_bark,dog_bark,96.8,✓
1187,children_playing,children_playing,99.99,✓
1188,siren,siren,99.99,✓
1189,children_playing,children_playing,97.58,✓
1190,children_playing,children_playing,92.32,✓
1191,street_music,children_playing,81.94,✗
1192,siren,siren,99.99,✓
1193,dog_bark,dog_bark,99.16,✓
1194,street_music,street_music,76.26,✓
1195,siren,siren,99.99,✓
1196,engine_idling,engine_idling,100.0,✓
1197,air_conditioner,air_conditioner,100.0,✓
1198,jackhammer,jackhammer,91.78,✓
1199,jackhammer,jackhammer,99.98,✓
1200,car_horn,car_horn,100.0,✓
1201,car_horn,car_horn,99.86,✓
1202,car_horn,car_horn,99.92,✓
1203,drilling,drilling,99.99,✓
1204,drilling,drilling,99.91,✓
1205,dog_bark,dog_bark,100.0,✓
1206,siren,siren,100.0,✓
1207,engine_idling,engine_idling,100.0,✓
1208,siren,siren,100.0,✓
1209,children_playing,children_playing,99.89,✓
1210,dog_bark,dog_bark,90.4,✓
1211,air_conditioner,air_conditioner,100.0,✓
1212,street_music,air_conditioner,42.8,✗
1213,gun_shot,gun_shot,99.88,✓
1214,dog_bark,drilling,86.38,✗
1215,siren,siren,99.08,✓
1216,drilling,drilling,100.0,✓
1217,street_music,street_music,97.27,✓
1218,street_music,children_playing,85.74,✗
1219,air_conditioner,air_conditioner,100.0,✓
1220,siren,siren,99.19,✓
1221,dog_bark,dog_bark,97.76,✓
1222,gun_shot,gun_shot,100.0,✓
1223,jackhammer,jackhammer,100.0,✓
1224,dog_bark,dog_bark,99.99,✓
1225,siren,siren,99.89,✓
1226,dog_bark,dog_bark,89.67,✓
1227,drilling,drilling,99.94,✓
1228,engine_idling,engine_idling,100.0,✓
1229,street_music,street_music,99.04,✓
1230,engine_idling,air_conditioner,63.81,✗
1231,siren,siren,96.38,✓
1232,street_music,street_music,65.19,✓
1233,drilling,jackhammer,84.09,✗
1234,jackhammer,jackhammer,99.97,✓
1235,air_conditioner,air_conditioner,100.0,✓
1236,car_horn,car_horn,99.57,✓
1237,engine_idling,engine_idling,100.0,✓
1238,jackhammer,jackhammer,97.76,✓
1239,dog_bark,dog_bark,100.0,✓
1240,car_horn,car_horn,99.6,✓
1241,children_playing,children_playing,99.72,✓
1242,dog_bark,dog_bark,55.09,✓
1243,drilling,drilling,100.0,✓
1244,dog_bark,dog_bark,99.99,✓
1245,engine_idling,engine_idling,95.58,✓
1246,engine_idling,engine_idling,99.99,✓
1247,siren,siren,100.0,✓
1248,car_horn,car_horn,51.09,✓
1249,children_playing,children_playing,99.9,✓
1250,drilling,drilling,99.16,✓
1251,engine_idling,engine_idling,100.0,✓
1252,children_playing,children_playing,99.9,✓
1253,drilling,drilling,99.98,✓
1254,siren,siren,99.97,✓
1255,jackhammer,jackhammer,99.98,✓
1256,car_horn,car_horn,100.0,✓
1257,drilling,drilling,99.99,✓
1258,engine_idling,engine_idling,97.48,✓
1259,dog_bark,dog_bark,95.48,✓
1260,air_conditioner,air_conditioner,97.04,✓
1261,siren,siren,99.41,✓
1262,drilling,drilling,75.95,✓
1263,engine_idling,engine_idling,99.68,✓
1264,gun_shot,gun_shot,99.2,✓
1265,car_horn,car_horn,100.0,✓
1266,siren,siren,60.7,✓
1267,air_conditioner,air_conditioner,99.99,✓
1268,street_music,children_playing,67.92,✗
1269,air_conditioner,air_conditioner,100.0,✓
1270,siren,siren,100.0,✓
1271,children_playing,children_playing,100.0,✓
1272,siren,siren,99.92,✓
1273,engine_idling,engine_idling,99.94,✓
1274,street_music,street_music,64.18,✓
1275,jackhammer,jackhammer,100.0,✓
1276,street_music,street_music,86.22,✓
1277,street_music,street_music,96.56,✓
1278,dog_bark,dog_bark,99.9,✓
1279,engine_idling,engine_idling,100.0,✓
1280,drilling,drilling,99.59,✓
1281,air_conditioner,air_conditioner,100.0,✓
1282,air_conditioner,air_conditioner,86.05,✓
1283,drilling,drilling,99.95,✓
1284,siren,siren,99.94,✓
1285,siren,siren,100.0,✓
1286,siren,siren,99.92,✓
1287,air_conditioner,drilling,47.39,✗
1288,street_music,children_playing,93.42,✗
1289,dog_bark,dog_bark,98.27,✓
1290,engine_idling,engine_idling,100.0,✓
1291,street_music,street_music,99.49,✓
1292,children_playing,dog_bark,84.97,✗
1293,dog_bark,dog_bark,99.68,✓
1294,siren,siren,99.98,✓
1295,dog_bark,dog_bark,94.23,✓
1296,jackhammer,jackhammer,99.28,✓
1297,air_conditioner,air_conditioner,99.98,✓
1298,siren,siren,99.56,✓
1299,air_conditioner,air_conditioner,99.8,✓
1300,air_conditioner,air_conditioner,96.68,✓
1301,street_music,street_music,99.88,✓
1302,jackhammer,jackhammer,99.98,✓
1303,jackhammer,jackhammer,100.0,✓
1304,dog_bark,dog_bark,83.38,✓
1305,engine_idling,engine_idling,100.0,✓
1306,drilling,drilling,99.98,✓
1307,street_music,street_music,72.74,✓
1308,drilling,drilling,93.25,✓
1309,car_horn,car_horn,99.99,✓
1310,jackhammer,jackhammer,96.54,✓
1311,street_music,street_music,98.28,✓
1312,air_conditioner,air_conditioner,100.0,✓
1313,jackhammer,jackhammer,99.99,✓
1314,air_conditioner,air_conditioner,100.0,✓
1315,engine_idling,engine_idling,100.0,✓
1316,engine_idling,engine_idling,100.0,✓
1317,dog_bark,dog_bark,99.99,✓
1318,siren,siren,100.0,✓
1319,street_music,children_playing,99.26,✗
1320,children_playing,children_playing,100.0,✓
1321,street_music,engine_idling,84.43,✗
1322,gun_shot,gun_shot,100.0,✓
1323,children_playing,siren,90.03,✗
1324,jackhammer,jackhammer,99.98,✓
1325,siren,siren,99.99,✓
1326,drilling,drilling,51.57,✓
1327,car_horn,car_horn,94.61,✓
1328,street_music,street_music,99.66,✓
1329,children_playing,children_playing,99.89,✓
1330,children_playing,children_playing,98.11,✓
1331,car_horn,car_horn,99.97,✓
1332,street_music,street_music,100.0,✓
1333,jackhammer,jackhammer,100.0,✓
1334,engine_idling,engine_idling,100.0,✓
1335,children_playing,children_playing,99.51,✓
1336,engine_idling,engine_idling,100.0,✓
1337,siren,siren,99.86,✓
1338,engine_idling,engine_idling,100.0,✓
1339,jackhammer,jackhammer,99.74,✓
1340,drilling,drilling,99.98,✓
1341,siren,siren,100.0,✓
1342,dog_bark,dog_bark,94.03,✓
1343,dog_bark,dog_bark,99.18,✓
1344,car_horn,car_horn,55.05,✓
1345,car_horn,car_horn,100.0,✓
1346,air_conditioner,air_conditioner,99.99,✓
1347,engine_idling,engine_idling,100.0,✓
1348,dog_bark,dog_bark,100.0,✓
1349,gun_shot,gun_shot,100.0,✓
1350,siren,siren,100.0,✓
1351,children_playing,children_playing,99.84,✓
1352,children_playing,children_playing,42.19,✓
1353,drilling,drilling,99.9,✓
1354,car_horn,car_horn,100.0,✓
1355,street_music,street_music,99.02,✓
1356,drilling,drilling,99.93,✓
1357,street_music,street_music,93.74,✓
1358,jackhammer,jackhammer,99.32,✓
1359,jackhammer,jackhammer,100.0,✓
1360,street_music,street_music,63.61,✓
1361,gun_shot,gun_shot,99.98,✓
1362,air_conditioner,air_conditioner,74.95,✓
1363,engine_idling,engine_idling,99.99,✓
1364,engine_idling,engine_idling,100.0,✓
1365,children_playing,children_playing,100.0,✓
1366,children_playing,engine_idling,70.25,✗
1367,drilling,drilling,100.0,✓
1368,car_horn,car_horn,95.57,✓
1369,engine_idling,engine_idling,99.46,✓
1370,dog_bark,gun_shot,89.14,✗
1371,children_playing,children_playing,99.8,✓
1372,gun_shot,gun_shot,100.0,✓
1373,siren,siren,100.0,✓
1374,dog_bark,dog_bark,99.82,✓
1375,street_music,street_music,53.98,✓
1376,air_conditioner,air_conditioner,97.27,✓
1377,siren,siren,99.97,✓
1378,siren,siren,86.0,✓
1379,engine_idling,engine_idling,99.99,✓
1380,car_horn,car_horn,100.0,✓
1381,air_conditioner,air_conditioner,100.0,✓
1382,street_music,street_music,100.0,✓
1383,air_conditioner,air_conditioner,99.88,✓
1384,engine_idling,engine_idling,100.0,✓
1385,dog_bark,dog_bark,100.0,✓
1386,siren,siren,99.71,✓
1387,street_music,children_playing,46.92,✗
1388,drilling,drilling,100.0,✓
1389,engine_idling,engine_idling,100.0,✓
1390,children_playing,children_playing,99.95,✓
1391,engine_idling,engine_idling,100.0,✓
1392,air_conditioner,air_conditioner,99.31,✓
1393,engine_idling,engine_idling,99.98,✓
1394,street_music,children_playing,92.17,✗
1395,air_conditioner,air_conditioner,99.82,✓
1396,children_playing,children_playing,81.97,✓
1397,drilling,drilling,100.0,✓
1398,car_horn,car_horn,99.99,✓
1399,children_playing,street_music,99.18,✗
1400,children_playing,children_playing,98.71,✓
1401,air_conditioner,air_conditioner,100.0,✓
1402,air_conditioner,air_conditioner,99.89,✓
1403,children_playing,children_playing,64.17,✓
1404,children_playing,dog_bark,93.09,✗
1405,engine_idling,engine_idling,99.99,✓
1406,dog_bark,dog_bark,61.4,✓
1407,dog_bark,dog_bark,91.99,✓
1408,drilling,drilling,93.97,✓
1409,siren,siren,99.99,✓
1410,air_conditioner,air_conditioner,100.0,✓
1411,drilling,drilling,99.98,✓
1412,siren,siren,99.99,✓
1413,dog_bark,dog_bark,99.23,✓
1414,siren,siren,100.0,✓
1415,dog_bark,dog_bark,99.9,✓
1416,street_music,street_music,99.35,✓
1417,car_horn,car_horn,99.98,✓
1418,car_horn,car_horn,99.32,✓
1419,gun_shot,gun_shot,100.0,✓
1420,air_conditioner,air_conditioner,99.96,✓
1421,dog_bark,dog_bark,99.74,✓
1422,car_horn,car_horn,100.0,✓
1423,gun_shot,gun_shot,99.99,✓
1424,dog_bark,dog_bark,99.96,✓
1425,dog_bark,dog_bark,100.0,✓
1426,children_playing,children_playing,89.89,✓
1427,drilling,drilling,99.41,✓
1428,drilling,drilling,99.99,✓
1429,street_music,street_music,37.72,✓
1430,siren,siren,76.4,✓
1431,dog_bark,dog_bark,100.0,✓
1432,dog_bark,air_conditioner,86.83,✗
1433,drilling,drilling,99.99,✓
1434,dog_bark,dog_bark,73.44,✓
1435,children_playing,street_music,82.12,✗
1436,children_playing,children_playing,99.98,✓
1437,engine_idling,engine_idling,100.0,✓
1438,dog_bark,dog_bark,92.03,✓
1439,dog_bark,dog_bark,99.96,✓
1440,siren,street_music,98.05,✗
1441,jackhammer,jackhammer,99.99,✓
1442,engine_idling,engine_idling,51.38,✓
1443,drilling,drilling,100.0,✓
1444,engine_idling,engine_idling,91.6,✓
1445,jackhammer,jackhammer,97.97,✓
1446,dog_bark,dog_bark,100.0,✓
1447,street_music,street_music,99.8,✓
1448,air_conditioner,air_conditioner,100.0,✓
1449,jackhammer,jackhammer,99.91,✓
1450,street_music,street_music,53.41,✓
1451,siren,siren,99.98,✓
1452,children_playing,children_playing,97.18,✓
1453,engine_idling,jackhammer,99.49,✗
1454,children_playing,children_playing,92.38,✓
1455,dog_bark,dog_bark,99.94,✓
1456,children_playing,children_playing,96.33,✓
1457,siren,siren,99.96,✓
1458,engine_idling,engine_idling,100.0,✓
1459,dog_bark,dog_bark,100.0,✓
1460,siren,siren,100.0,✓
1461,jackhammer,jackhammer,100.0,✓
1462,air_conditioner,air_conditioner,99.92,✓
1463,children_playing,children_playing,99.72,✓
1464,siren,siren,89.47,✓
1465,engine_idling,engine_idling,100.0,✓
1466,dog_bark,dog_bark,99.33,✓
1467,air_conditioner,air_conditioner,100.0,✓
1468,siren,siren,99.57,✓
1469,engine_idling,engine_idling,100.0,✓
1470,siren,siren,99.94,✓
1471,jackhammer,jackhammer,99.99,✓
1472,air_conditioner,air_conditioner,100.0,✓
1473,street_music,street_music,96.0,✓
1474,street_music,air_conditioner,81.55,✗
1475,air_conditioner,air_conditioner,99.86,✓
1476,air_conditioner,air_conditioner,100.0,✓
1477,street_music,street_music,91.42,✓
1478,children_playing,children_playing,82.37,✓
1479,car_horn,car_horn,99.99,✓
1480,dog_bark,dog_bark,99.99,✓
1481,dog_bark,dog_bark,99.25,✓
1482,dog_bark,engine_idling,99.14,✗
1483,children_playing,street_music,72.83,✗
1484,drilling,drilling,67.73,✓
1485,engine_idling,engine_idling,100.0,✓
1486,drilling,drilling,100.0,✓
1487,drilling,drilling,99.56,✓
1488,engine_idling,engine_idling,99.99,✓
1489,jackhammer,jackhammer,99.72,✓
1490,siren,siren,100.0,✓
1491,jackhammer,jackhammer,100.0,✓
1492,gun_shot,gun_shot,99.99,✓
1493,drilling,drilling,99.99,✓
1494,jackhammer,jackhammer,99.59,✓
1495,air_conditioner,air_conditioner,98.47,✓
1496,engine_idling,engine_idling,99.97,✓
1497,jackhammer,jackhammer,100.0,✓
1498,drilling,drilling,99.04,✓
1499,siren,siren,94.28,✓
1500,drilling,drilling,99.51,✓
1501,car_horn,car_horn,100.0,✓
1502,street_music,street_music,99.33,✓
1503,children_playing,children_playing,99.81,✓
1504,engine_idling,engine_idling,99.7,✓
1505,children_playing,children_playing,86.82,✓
1506,engine_idling,jackhammer,96.66,✗
1507,air_conditioner,air_conditioner,99.95,✓
1508,siren,siren,100.0,✓
1509,air_conditioner,air_conditioner,100.0,✓
1510,car_horn,car_horn,99.84,✓
1511,street_music,street_music,99.57,✓
1512,car_horn,car_horn,99.95,✓
1513,children_playing,children_playing,99.97,✓
1514,gun_shot,gun_shot,99.99,✓
1515,dog_bark,dog_bark,99.97,✓
1516,street_music,street_music,62.62,✓
1517,siren,siren,61.74,✓
1518,engine_idling,engine_idling,100.0,✓
1519,drilling,drilling,100.0,✓
1520,air_conditioner,air_conditioner,100.0,✓
1521,air_conditioner,air_conditioner,98.62,✓
1522,jackhammer,jackhammer,100.0,✓
1523,street_music,street_music,99.98,✓
1524,dog_bark,dog_bark,99.78,✓
1525,children_playing,children_playing,99.86,✓
1526,air_conditioner,air_conditioner,100.0,✓
1527,siren,siren,99.93,✓
1528,children_playing,children_playing,100.0,✓
1529,drilling,drilling,99.99,✓
1530,engine_idling,engine_idling,100.0,✓
1531,air_conditioner,air_conditioner,99.98,✓
1532,engine_idling,engine_idling,99.97,✓
1533,siren,siren,99.98,✓
1534,engine_idling,engine_idling,100.0,✓
1535,jackhammer,drilling,54.66,✗
1536,street_music,street_music,99.97,✓
1537,air_conditioner,air_conditioner,100.0,✓
1538,gun_shot,gun_shot,98.83,✓
1539,engine_idling,engine_idling,100.0,✓
1540,gun_shot,gun_shot,100.0,✓
1541,jackhammer,jackhammer,99.94,✓
1542,dog_bark,dog_bark,73.76,✓
1543,car_horn,car_horn,100.0,✓
1544,air_conditioner,air_conditioner,99.35,✓
1545,engine_idling,engine_idling,99.97,✓
1546,street_music,street_music,99.65,✓
1547,siren,siren,96.9,✓
1548,gun_shot,gun_shot,99.99,✓
1549,children_playing,children_playing,98.03,✓
1550,siren,siren,99.93,✓
1551,dog_bark,dog_bark,100.0,✓
1552,children_playing,children_playing,99.99,✓
1553,dog_bark,dog_bark,99.93,✓
1554,air_conditioner,air_conditioner,99.84,✓
1555,drilling,drilling,99.91,✓
1556,dog_bark,dog_bark,100.0,✓
1557,dog_bark,dog_bark,93.59,✓
1558,street_music,street_music,99.97,✓
1559,street_music,street_music,99.99,✓
1560,drilling,drilling,99.76,✓
1561,siren,siren,99.99,✓
1562,engine_idling,engine_idling,100.0,✓
1563,engine_idling,engine_idling,99.84,✓
1564,jackhammer,jackhammer,99.99,✓
1565,engine_idling,engine_idling,99.98,✓
1566,children_playing,children_playing,99.99,✓
1567,children_playing,children_playing,99.71,✓
1568,drilling,drilling,99.51,✓
1569,siren,siren,99.55,✓
1570,jackhammer,jackhammer,99.62,✓
1571,air_conditioner,air_conditioner,100.0,✓
1572,children_playing,children_playing,99.93,✓
1573,drilling,drilling,99.77,✓
1574,jackhammer,jackhammer,100.0,✓
1575,gun_shot,gun_shot,99.42,✓
1576,street_music,street_music,99.69,✓
1577,jackhammer,jackhammer,100.0,✓
1578,engine_idling,engine_idling,99.95,✓
1579,dog_bark,dog_bark,95.94,✓
1580,car_horn,car_horn,100.0,✓
1581,siren,siren,100.0,✓
1582,air_conditioner,air_conditioner,100.0,✓
1583,air_conditioner,air_conditioner,100.0,✓
1584,siren,siren,99.98,✓
1585,engine_idling,engine_idling,100.0,✓
1586,engine_idling,engine_idling,99.99,✓
1587,drilling,drilling,99.95,✓
1588,engine_idling,engine_idling,100.0,✓
1589,children_playing,children_playing,97.14,✓
1590,dog_bark,dog_bark,99.99,✓
1591,engine_idling,engine_idling,68.55,✓
1592,air_conditioner,air_conditioner,99.98,✓
1593,dog_bark,dog_bark,99.97,✓
1594,air_conditioner,air_conditioner,100.0,✓
1595,children_playing,children_playing,92.11,✓
1596,drilling,drilling,100.0,✓
1597,children_playing,dog_bark,51.79,✗
1598,street_music,street_music,100.0,✓
1599,siren,siren,99.79,✓
1600,gun_shot,gun_shot,98.73,✓
1601,jackhammer,jackhammer,99.99,✓
1602,air_conditioner,air_conditioner,99.95,✓
1603,air_conditioner,air_conditioner,100.0,✓
1604,air_conditioner,air_conditioner,100.0,✓
1605,drilling,drilling,100.0,✓
1606,siren,siren,100.0,✓
1607,siren,siren,99.95,✓
1608,children_playing,children_playing,83.3,✓
1609,street_music,street_music,95.64,✓
1610,drilling,drilling,100.0,✓
1611,siren,siren,99.97,✓
1612,children_playing,children_playing,97.44,✓
1613,jackhammer,jackhammer,100.0,✓
1614,drilling,drilling,99.93,✓
1615,children_playing,air_conditioner,59.29,✗
1616,drilling,drilling,99.06,✓
1617,children_playing,children_playing,99.93,✓
1618,siren,siren,40.67,✓
1619,siren,siren,99.91,✓
1620,drilling,drilling,97.26,✓
1621,siren,siren,93.95,✓
1622,children_playing,children_playing,99.98,✓
1623,car_horn,car_horn,99.99,✓
1624,siren,siren,99.99,✓
1625,children_playing,children_playing,99.57,✓
1626,dog_bark,dog_bark,100.0,✓
1627,jackhammer,jackhammer,99.97,✓
1628,drilling,drilling,98.67,✓
1629,jackhammer,jackhammer,99.73,✓
1630,dog_bark,dog_bark,99.82,✓
1631,siren,siren,99.73,✓
1632,air_conditioner,air_conditioner,100.0,✓
1633,siren,siren,87.1,✓
1634,jackhammer,jackhammer,99.86,✓
1635,car_horn,car_horn,98.11,✓
1636,dog_bark,dog_bark,100.0,✓
1637,dog_bark,dog_bark,100.0,✓
1638,engine_idling,engine_idling,99.99,✓
1639,street_music,street_music,50.93,✓
1640,air_conditioner,air_conditioner,100.0,✓
1641,street_music,street_music,100.0,✓
1642,dog_bark,dog_bark,99.98,✓
1643,drilling,drilling,99.98,✓
1644,air_conditioner,air_conditioner,100.0,✓
1645,engine_idling,engine_idling,100.0,✓
1646,dog_bark,dog_bark,99.99,✓
1647,engine_idling,engine_idling,99.94,✓
1648,engine_idling,engine_idling,96.86,✓
1649,dog_bark,dog_bark,100.0,✓
1650,engine_idling,engine_idling,90.15,✓
1651,drilling,drilling,99.9,✓
1652,engine_idling,engine_idling,100.0,✓
1653,children_playing,children_playing,94.39,✓
1654,engine_idling,engine_idling,100.0,✓
1655,drilling,drilling,99.12,✓
1656,children_playing,children_playing,99.78,✓
1657,jackhammer,jackhammer,88.04,✓
1658,air_conditioner,air_conditioner,100.0,✓
1659,gun_shot,dog_bark,49.16,✗
1660,street_music,street_music,73.33,✓
1661,street_music,street_music,54.93,✓
1662,siren,siren,100.0,✓
1663,children_playing,children_playing,99.94,✓
1664,air_conditioner,air_conditioner,100.0,✓
1665,gun_shot,gun_shot,99.88,✓
1666,jackhammer,jackhammer,99.96,✓
1667,children_playing,dog_bark,97.91,✗
1668,street_music,street_music,57.15,✓
1669,car_horn,car_horn,99.99,✓
1670,dog_bark,dog_bark,99.99,✓
1671,dog_bark,children_playing,72.91,✗
1672,jackhammer,jackhammer,98.61,✓
1673,siren,siren,100.0,✓
1674,car_horn,gun_shot,73.84,✗
1675,dog_bark,dog_bark,100.0,✓
1676,jackhammer,jackhammer,99.94,✓
1677,dog_bark,dog_bark,99.15,✓
1678,street_music,street_music,99.88,✓
1679,street_music,street_music,94.47,✓
1680,gun_shot,gun_shot,100.0,✓
1681,drilling,dog_bark,89.92,✗
1682,dog_bark,dog_bark,100.0,✓
1683,engine_idling,engine_idling,100.0,✓
1684,dog_bark,dog_bark,99.78,✓
1685,street_music,street_music,99.0,✓
1686,engine_idling,engine_idling,100.0,✓
1687,street_music,street_music,62.56,✓
1688,car_horn,car_horn,90.07,✓
1689,engine_idling,engine_idling,100.0,✓
1690,siren,siren,97.9,✓
1691,jackhammer,jackhammer,100.0,✓
1692,street_music,street_music,95.2,✓
1693,street_music,street_music,50.26,✓
1694,street_music,street_music,100.0,✓
1695,drilling,drilling,100.0,✓
1696,jackhammer,jackhammer,98.39,✓
1697,siren,siren,99.76,✓
1698,children_playing,children_playing,99.84,✓
1699,jackhammer,jackhammer,99.95,✓
1700,children_playing,street_music,71.3,✗
1701,children_playing,children_playing,98.04,✓
1702,air_conditioner,air_conditioner,100.0,✓
1703,jackhammer,jackhammer,100.0,✓
1704,gun_shot,gun_shot,100.0,✓
1705,engine_idling,children_playing,97.14,✗
1706,dog_bark,street_music,52.91,✗
1707,car_horn,air_conditioner,92.98,✗
1708,dog_bark,dog_bark,93.82,✓
1709,siren,engine_idling,52.52,✗
1710,siren,siren,100.0,✓
1711,drilling,drilling,70.2,✓
1712,street_music,jackhammer,70.77,✗
1713,jackhammer,jackhammer,99.99,✓
1714,dog_bark,dog_bark,100.0,✓
1715,air_conditioner,air_conditioner,100.0,✓
1716,siren,siren,99.47,✓
1717,street_music,street_music,93.85,✓
1718,children_playing,children_playing,99.01,✓
1719,car_horn,car_horn,69.43,✓
1720,dog_bark,dog_bark,88.83,✓
1721,drilling,drilling,100.0,✓
1722,jackhammer,jackhammer,99.99,✓
1723,engine_idling,engine_idling,100.0,✓
1724,children_playing,children_playing,97.05,✓
1725,engine_idling,engine_idling,89.75,✓
1726,drilling,drilling,92.97,✓
1727,siren,siren,100.0,✓
1728,street_music,street_music,88.1,✓
1729,drilling,drilling,100.0,✓
1730,drilling,drilling,99.71,✓
1731,children_playing,children_playing,99.85,✓
1732,drilling,drilling,99.99,✓
1733,drilling,drilling,99.87,✓
1734,children_playing,children_playing,75.6,✓
1735,children_playing,children_playing,96.19,✓
1736,children_playing,children_playing,85.92,✓
1737,jackhammer,jackhammer,99.39,✓
1738,jackhammer,drilling,62.73,✗
1739,jackhammer,jackhammer,100.0,✓
1740,engine_idling,engine_idling,100.0,✓
1741,siren,siren,99.94,✓
1742,jackhammer,jackhammer,99.83,✓
1743,car_horn,car_horn,99.99,✓
1744,drilling,drilling,79.33,✓
1745,dog_bark,dog_bark,99.92,✓
1746,jackhammer,jackhammer,99.99,✓
1747,children_playing,children_playing,99.24,✓
